{
  "I1_mean": 1.3118846287074603e-19,
  "I2_mean": 1.1536901089475027e-05,
  "nx": 400,
  "nt": 600,
  "cfl": 0.5
}