{
  "beta": 2.2,
  "avg_plaquette_mean": 0.29053482399625,
  "avg_plaquette_std": 0.024478249912671456,
  "wilson_loops_last": {
    "(1, 1)": 0.2681869539217644,
    "(1, 2)": 0.07956773892735486,
    "(2, 2)": 0.022245157421245935
  },
  "corr": [
    0.2241414999280061,
    0.1539156318650267,
    0.14004980015887486,
    0.1391728714201622,
    0.14621091743341288,
    0.15549424171834617
  ],
  "xi_est_lattice_units": 2.6604735010130196,
  "mass_proxy": 0.37587294127125614
}