{
  "beta": 12.0,
  "avg_plaquette_mean": 0.021079391984087092,
  "avg_plaquette_std": 0.047877754437182764,
  "L": 6
}